account,account_value,time
test,100.0,1.0
test,30000.0,2.0
test,30000.0,1617184075.2138686
test,30000.0,1617184087.4015841
test,30000.0,1617184100.388688
test,30000.0,1617184106.9823468
test,30000.0,1617184112.444101
test,30000.0,1617184128.1610296
