account,account_value,time
test,100.0,1.0
test,30000.0,2.0
test,30000.0,1617184167.0958648
test,30000.0,1617184171.866934
test,30000.0,1617184174.7334833
test,30000.0,1617184181.1871192
test,30000.0,1617184184.537764
test,30000.0,1617184188.754618
test,30000.0,1617184191.1398983
test,30000.0,1617184191.76645
test,30000.0,1617184193.2578185
test,30000.0,1617184193.554563
test,30000.0,1617184196.893826
test,30000.0,1617184198.5143518
test,30000.0,1617184198.9634793
test,30000.0,1617184199.6599736
test,30000.0,1617184200.1971257
test,30000.0,1617184202.0169892
test,30000.0,1617184205.4239016
test,30000.0,1617184206.2972105
test,30000.0,1617184207.2676265
test,30000.0,1617184208.9002073
test,30000.0,1617184209.2643943
test,30000.0,1617184209.666431
test,30000.0,1617184210.0047107
test,30000.0,1617184210.7962096
test,30000.0,1617184212.4299438
test,30000.0,1617184212.9896665
test,30000.0,1617184213.6222084
test,30000.0,1617184214.126355
test,30000.0,1617184215.0400922
test,30000.0,1617184215.3762453
test,30000.0,1617184216.5902913
test,30000.0,1617184217.5769053
test,30000.0,1617184218.063654
